{
	"world_size": 1064.00000000,
	"fog": {
		"start": 146.69992065,
		"end": 306.89987183,
		"shininess": 1.00000000
	}
}