{
	"world_size": 691.00000000,
	"fog": {
		"start": 142.79994202,
		"end": 169.99964905,
		"shininess": 1.00000000
	}
}