{
	"fog": {
		"start": 0.20000845,
		"end": 59.30004120,
		"shininess": 1.00000000,
		"color": [
			0.50000000,
			0.50000000,
			0.50000000
		]
	}
}