{
	"world_size": 397.00000000,
	"fog": {
		"start": 56.69987106,
		"end": 82.09983826,
		"shininess": 1.00000000
	}
}